ID,TIME,URL_YOUTUBE
DCON2022_4,0:13:41,https://www.youtube.com/watch?v=WOFTCTNkWb0
DCON2022_9,0:29:49,https://www.youtube.com/watch?v=WOFTCTNkWb0
DCON2022_3,0:46:18,https://www.youtube.com/watch?v=WOFTCTNkWb0
DCON2022_2,1:01:24,https://www.youtube.com/watch?v=WOFTCTNkWb0
DCON2022_8,1:15:53,https://www.youtube.com/watch?v=WOFTCTNkWb0
DCON2022_5,0:00:23,https://www.youtube.com/watch?v=qkNFEmacde0
DCON2022_6,0:15:27,https://www.youtube.com/watch?v=qkNFEmacde0
DCON2022_7,0:33:14,https://www.youtube.com/watch?v=qkNFEmacde0
DCON2022_10,0:49:26,https://www.youtube.com/watch?v=qkNFEmacde0
DCON2022_1,1:05:18,https://www.youtube.com/watch?v=qkNFEmacde0
